name,type,town,address,website,main_image
Stone Hill Winery,Winery,Hermann,"1110 Stone Hill Hwy, Hermann, MO 65041",https://www.stonehillwinery.com,images/businesses/stone-hill/main.jpg
Tin Mill Brewery,Brewery,Hermann,"114 Gutenberg St, Hermann, MO 65041",https://www.tinmillbrewery.com,images/businesses/tin-mill/main.jpg
Hermann Crown Suites,Lodging,Hermann,"123 Market St, Hermann, MO 65041",https://www.hermanncrownsuites.com,images/businesses/hermann-crown/main.jpg
Zia My Retreat,Bed & Breakfast,New Haven,"320 Front St, New Haven, MO 63068",https://www.ziamyretreat.com,images/businesses/zia/main.jpg
Cedar Creek Resort,Lodging,New Haven,"1401 Olive Rd, New Haven, MO 63068",https://www.cedarcreekresort.com,images/businesses/cedar-creek/main.jpg
Lyon General Store,Retail,Lyon,"45 Main St, Lyon, MO 63066",https://www.lyongeneralstore.com,images/businesses/lyon-store/main.jpg
River View Inn,Lodging,Lyon,"78 River Rd, Lyon, MO 63066",https://www.riverviewinn.com,images/businesses/river-view/main.jpg
Beaufort Farms Market,Agriculture,Beaufort,"2345 Highway 50, Beaufort, MO 63013",https://www.beaufortfarms.com,images/businesses/beaufort-farms/main.jpg
Country Kitchen,Restaurant,Beaufort,"890 Main St, Beaufort, MO 63013",https://www.countrykitchen.com,images/businesses/country-kitchen/main.jpg
Gerald Cafe,Restaurant,Gerald,"123 Main St, Gerald, MO 63037",https://www.geraldcafe.com,images/businesses/gerald-cafe/main.jpg
Railroad Museum,Tourism,Gerald,"456 Railroad Ave, Gerald, MO 63037",https://www.geraldrailroad.com,images/businesses/railroad-museum/main.jpg
Rosebud Antique Mall,Shopping,Rosebud,"67 Antique Way, Rosebud, MO 63091",https://www.rosebudantiques.com,images/businesses/rosebud-antiques/main.jpg
Main Street Diner,Restaurant,Rosebud,"89 Main St, Rosebud, MO 63091",https://www.mainstreetdiner.com,images/businesses/main-street-diner/main.jpg
Owensville Farmers Market,Agriculture,Owensville,"234 Market St, Owensville, MO 65066",https://www.owensvillefarmers.com,images/businesses/farmers-market/main.jpg
Community Center,Recreation,Owensville,"567 Community Dr, Owensville, MO 65066",https://www.owensvillecenter.com,images/businesses/community-center/main.jpg
White Mule Winery,Winery,Owensville,"789 Winery Rd, Owensville, MO 65066",https://www.whitemulewinery.com,images/businesses/white-mule/main.jpg
Stony Hill Winery,Winery,Stony Hill,"901 Hill Rd, Stony Hill, MO 65061",https://www.stonyhillwinery.com,images/businesses/stony-hill/main.jpg
Hilltop Market,Retail,Stony Hill,"345 Market St, Stony Hill, MO 65061",https://www.hilltopmarket.com,images/businesses/hilltop/main.jpg
Swiss Heritage Museum,Tourism,Swiss,"123 Heritage Ln, Swiss, MO 65065",https://www.swissmuseum.com,images/businesses/swiss-museum/main.jpg
Alpine Cheese Shop,Food,Swiss,"456 Cheese St, Swiss, MO 65065",https://www.alpinecheese.com,images/businesses/alpine-cheese/main.jpg
Berger Landing,Recreation,Berger,"789 River Rd, Berger, MO 63014",https://www.bergerlanding.com,images/businesses/berger-landing/main.jpg
River View Cafe,Restaurant,Berger,"234 Main St, Berger, MO 63014",https://www.riverviewcafe.com,images/businesses/river-cafe/main.jpg
Heritage Museum,Tourism,Berger,"567 History Ln, Berger, MO 63014",https://www.bergermuseum.com,images/businesses/heritage-museum/main.jpg```